dataset,method,level,seed,selected_run_path,WorstDrop
cifar10,clpu,very_low,0,runs/cifar10/T5_F3/clpu/seed_0/20260712_025820,0
cifar10,clpu,very_low,1,runs/cifar10/T5_F3/clpu/seed_1/20260712_081421,0
cifar10,clpu,very_low,2,runs/cifar10/T5_F3/clpu/seed_2/20260808_032204,0
cifar10,clpu,very_low,3,runs/cifar10/T5_F3/clpu/seed_3/20260808_084255,0
cifar10,clpu,very_low,4,runs/cifar10/T5_F3/clpu/seed_4/20260808_140353,0
cifar10,clpu,low,0,runs/cifar10/T5_F3/clpu/seed_0/20260712_040143,0
cifar10,clpu,low,1,runs/cifar10/T5_F3/clpu/seed_1/20260712_091741,0
cifar10,clpu,low,2,runs/cifar10/T5_F3/clpu/seed_2/20260808_042627,0
cifar10,clpu,low,3,runs/cifar10/T5_F3/clpu/seed_3/20260808_094702,0
cifar10,clpu,low,4,runs/cifar10/T5_F3/clpu/seed_4/20260808_150804,0
cifar10,clpu,medium,0,runs/cifar10/T5_F3/clpu/seed_0/20260712_050458,0
cifar10,clpu,medium,1,runs/cifar10/T5_F3/clpu/seed_1/20260712_102048,0
cifar10,clpu,medium,2,runs/cifar10/T5_F3/clpu/seed_2/20260808_053021,0
cifar10,clpu,medium,3,runs/cifar10/T5_F3/clpu/seed_3/20260808_105126,0
cifar10,clpu,medium,4,runs/cifar10/T5_F3/clpu/seed_4/20260808_161214,0
cifar10,clpu,high,0,runs/cifar10/T5_F3/clpu/seed_0/20260712_060810,0
cifar10,clpu,high,1,runs/cifar10/T5_F3/clpu/seed_1/20260712_112401,0
cifar10,clpu,high,2,runs/cifar10/T5_F3/clpu/seed_2/20260808_063435,0
cifar10,clpu,high,3,runs/cifar10/T5_F3/clpu/seed_3/20260808_115533,0
cifar10,clpu,high,4,runs/cifar10/T5_F3/clpu/seed_4/20260808_171648,0
cifar10,clpu,very_high,0,runs/cifar10/T5_F3/clpu/seed_0/20260712_071110,0
cifar10,clpu,very_high,1,runs/cifar10/T5_F3/clpu/seed_1/20260712_122716,0
cifar10,clpu,very_high,2,runs/cifar10/T5_F3/clpu/seed_2/20260808_073827,0
cifar10,clpu,very_high,3,runs/cifar10/T5_F3/clpu/seed_3/20260808_125945,0
cifar10,clpu,very_high,4,runs/cifar10/T5_F3/clpu/seed_4/20260808_182116,0
cifar10,lora,very_low,0,runs/cifar10/T5_F3/lora/seed_0/20260712_025653,0.007499992847442627
cifar10,lora,very_low,1,runs/cifar10/T5_F3/lora/seed_1/20260712_081255,-0.017999947071075439
cifar10,lora,very_low,2,runs/cifar10/T5_F3/lora/seed_2/20260808_032037,-0.039000034332275391
cifar10,lora,very_low,3,runs/cifar10/T5_F3/lora/seed_3/20260808_084127,-0.002499997615814209
cifar10,lora,very_low,4,runs/cifar10/T5_F3/lora/seed_4/20260808_140225,0.014500021934509277
cifar10,lora,low,0,runs/cifar10/T5_F3/lora/seed_0/20260712_040017,0.007499992847442627
cifar10,lora,low,1,runs/cifar10/T5_F3/lora/seed_1/20260712_091615,0.0020000338554382324
cifar10,lora,low,2,runs/cifar10/T5_F3/lora/seed_2/20260808_042458,-0.00099998712539672852
cifar10,lora,low,3,runs/cifar10/T5_F3/lora/seed_3/20260808_094533,-0.002499997615814209
cifar10,lora,low,4,runs/cifar10/T5_F3/lora/seed_4/20260808_150635,0.014500021934509277
cifar10,lora,medium,0,runs/cifar10/T5_F3/lora/seed_0/20260712_050330,-0.053499996662139893
cifar10,lora,medium,1,runs/cifar10/T5_F3/lora/seed_1/20260712_101920,0.0020000338554382324
cifar10,lora,medium,2,runs/cifar10/T5_F3/lora/seed_2/20260808_052854,-0.00099998712539672852
cifar10,lora,medium,3,runs/cifar10/T5_F3/lora/seed_3/20260808_104958,-0.032499969005584717
cifar10,lora,medium,4,runs/cifar10/T5_F3/lora/seed_4/20260808_161047,0.004999995231628418
cifar10,lora,high,0,runs/cifar10/T5_F3/lora/seed_0/20260712_060643,0.0034999847412109375
cifar10,lora,high,1,runs/cifar10/T5_F3/lora/seed_1/20260712_112233,0.0020000338554382324
cifar10,lora,high,2,runs/cifar10/T5_F3/lora/seed_2/20260808_063307,-0.00099998712539672852
cifar10,lora,high,3,runs/cifar10/T5_F3/lora/seed_3/20260808_115404,0.018999993801116943
cifar10,lora,high,4,runs/cifar10/T5_F3/lora/seed_4/20260808_171519,0.00099998712539672852
cifar10,lora,very_high,0,runs/cifar10/T5_F3/lora/seed_0/20260712_070944,0.0034999847412109375
cifar10,lora,very_high,1,runs/cifar10/T5_F3/lora/seed_1/20260712_122550,0.0020000338554382324
cifar10,lora,very_high,2,runs/cifar10/T5_F3/lora/seed_2/20260808_073658,-0.00099998712539672852
cifar10,lora,very_high,3,runs/cifar10/T5_F3/lora/seed_3/20260808_125818,0.018999993801116943
cifar10,lora,very_high,4,runs/cifar10/T5_F3/lora/seed_4/20260808_181948,0.00099998712539672852
cifar10,pall_adapter,very_low,0,runs/cifar10/T5_F3/pall_adapter/seed_0/20260712_025511,-0.0015000104904174805
cifar10,pall_adapter,very_low,1,runs/cifar10/T5_F3/pall_adapter/seed_1/20260712_081116,0.032499969005584717
cifar10,pall_adapter,very_low,2,runs/cifar10/T5_F3/pall_adapter/seed_2/20260808_031853,0.0065000057220458984
cifar10,pall_adapter,very_low,3,runs/cifar10/T5_F3/pall_adapter/seed_3/20260808_083934,-0.016999959945678711
cifar10,pall_adapter,very_low,4,runs/cifar10/T5_F3/pall_adapter/seed_4/20260808_140040,0.0065000057220458984
cifar10,pall_adapter,low,0,runs/cifar10/T5_F3/pall_adapter/seed_0/20260712_035833,-0.0015000104904174805
cifar10,pall_adapter,low,1,runs/cifar10/T5_F3/pall_adapter/seed_1/20260712_091435,0.039499998092651367
cifar10,pall_adapter,low,2,runs/cifar10/T5_F3/pall_adapter/seed_2/20260808_042310,0.002499997615814209
cifar10,pall_adapter,low,3,runs/cifar10/T5_F3/pall_adapter/seed_3/20260808_094348,-0.015999972820281982
cifar10,pall_adapter,low,4,runs/cifar10/T5_F3/pall_adapter/seed_4/20260808_150450,0.010999977588653564
cifar10,pall_adapter,medium,0,runs/cifar10/T5_F3/pall_adapter/seed_0/20260712_050143,-0.0015000104904174805
cifar10,pall_adapter,medium,1,runs/cifar10/T5_F3/pall_adapter/seed_1/20260712_101734,-0.0030000209808349609
cifar10,pall_adapter,medium,2,runs/cifar10/T5_F3/pall_adapter/seed_2/20260808_052713,0.004499971866607666
cifar10,pall_adapter,medium,3,runs/cifar10/T5_F3/pall_adapter/seed_3/20260808_104813,-0.018500030040740967
cifar10,pall_adapter,medium,4,runs/cifar10/T5_F3/pall_adapter/seed_4/20260808_160901,0.0065000057220458984
cifar10,pall_adapter,high,0,runs/cifar10/T5_F3/pall_adapter/seed_0/20260712_060455,-0.013999998569488525
cifar10,pall_adapter,high,1,runs/cifar10/T5_F3/pall_adapter/seed_1/20260712_112046,0.0209999680519104
cifar10,pall_adapter,high,2,runs/cifar10/T5_F3/pall_adapter/seed_2/20260808_063119,0.0055000185966491699
cifar10,pall_adapter,high,3,runs/cifar10/T5_F3/pall_adapter/seed_3/20260808_115217,-0.012000024318695068
cifar10,pall_adapter,high,4,runs/cifar10/T5_F3/pall_adapter/seed_4/20260808_171332,0.00050002336502075195
cifar10,pall_adapter,very_high,0,runs/cifar10/T5_F3/pall_adapter/seed_0/20260712_070801,0.0030000209808349609
cifar10,pall_adapter,very_high,1,runs/cifar10/T5_F3/pall_adapter/seed_1/20260712_122403,0.0209999680519104
cifar10,pall_adapter,very_high,2,runs/cifar10/T5_F3/pall_adapter/seed_2/20260808_073512,0.0059999823570251465
cifar10,pall_adapter,very_high,3,runs/cifar10/T5_F3/pall_adapter/seed_3/20260808_125636,-0.013999998569488525
cifar10,pall_adapter,very_high,4,runs/cifar10/T5_F3/pall_adapter/seed_4/20260808_181801,0.001999974250793457
cifar10,pall_modified,very_low,0,runs/cifar10/T5_F3/pall_modified/seed_0/20260712_024401,0.007499992847442627
cifar10,pall_modified,very_low,1,runs/cifar10/T5_F3/pall_modified/seed_1/20260712_080046,0.00050002336502075195
cifar10,pall_modified,very_low,2,runs/cifar10/T5_F3/pall_modified/seed_2/20260808_030809,0.0095000267028808594
cifar10,pall_modified,very_low,3,runs/cifar10/T5_F3/pall_modified/seed_3/20260808_082851,0.004499971866607666
cifar10,pall_modified,very_low,4,runs/cifar10/T5_F3/pall_modified/seed_4/20260808_134956,0.011500000953674316
cifar10,pall_modified,low,0,runs/cifar10/T5_F3/pall_modified/seed_0/20260712_034755,0.013000011444091797
cifar10,pall_modified,low,1,runs/cifar10/T5_F3/pall_modified/seed_1/20260712_090403,0.013999998569488525
cifar10,pall_modified,low,2,runs/cifar10/T5_F3/pall_modified/seed_2/20260808_041225,0.0099999904632568359
cifar10,pall_modified,low,3,runs/cifar10/T5_F3/pall_modified/seed_3/20260808_093305,0.00049996376037597656
cifar10,pall_modified,low,4,runs/cifar10/T5_F3/pall_modified/seed_4/20260808_145400,0.0015000104904174805
cifar10,pall_modified,medium,0,runs/cifar10/T5_F3/pall_modified/seed_0/20260712_045112,0.025499999523162842
cifar10,pall_modified,medium,1,runs/cifar10/T5_F3/pall_modified/seed_1/20260712_100703,0.021000027656555176
cifar10,pall_modified,medium,2,runs/cifar10/T5_F3/pall_modified/seed_2/20260808_051631,0.0014999508857727051
cifar10,pall_modified,medium,3,runs/cifar10/T5_F3/pall_modified/seed_3/20260808_103729,0.002499997615814209
cifar10,pall_modified,medium,4,runs/cifar10/T5_F3/pall_modified/seed_4/20260808_155823,0.010999977588653564
cifar10,pall_modified,high,0,runs/cifar10/T5_F3/pall_modified/seed_0/20260712_055424,0.019500017166137695
cifar10,pall_modified,high,1,runs/cifar10/T5_F3/pall_modified/seed_1/20260712_111006,0.017000019550323486
cifar10,pall_modified,high,2,runs/cifar10/T5_F3/pall_modified/seed_2/20260808_062040,0.012000024318695068
cifar10,pall_modified,high,3,runs/cifar10/T5_F3/pall_modified/seed_3/20260808_114135,0.004999995231628418
cifar10,pall_modified,high,4,runs/cifar10/T5_F3/pall_modified/seed_4/20260808_170244,0.0099999904632568359
cifar10,pall_modified,very_high,0,runs/cifar10/T5_F3/pall_modified/seed_0/20260712_065728,0.026500046253204346
cifar10,pall_modified,very_high,1,runs/cifar10/T5_F3/pall_modified/seed_1/20260712_121332,0.0209999680519104
cifar10,pall_modified,very_high,2,runs/cifar10/T5_F3/pall_modified/seed_2/20260808_072431,0.013500034809112549
cifar10,pall_modified,very_high,3,runs/cifar10/T5_F3/pall_modified/seed_3/20260808_124552,0.004499971866607666
cifar10,pall_modified,very_high,4,runs/cifar10/T5_F3/pall_modified/seed_4/20260808_180717,0.013000011444091797
cifar10,pall_original,very_low,0,runs/cifar10/T5_F3/pall_original/seed_0/20260712_023221,0.0090000033378601074
cifar10,pall_original,very_low,1,runs/cifar10/T5_F3/pall_original/seed_1/20260712_075013,0.010999977588653564
cifar10,pall_original,very_low,2,runs/cifar10/T5_F3/pall_original/seed_2/20260808_025742,0.018500030040740967
cifar10,pall_original,very_low,3,runs/cifar10/T5_F3/pall_original/seed_3/20260808_081818,0.0090000033378601074
cifar10,pall_original,very_low,4,runs/cifar10/T5_F3/pall_original/seed_4/20260808_133918,0.019500017166137695
cifar10,pall_original,low,0,runs/cifar10/T5_F3/pall_original/seed_0/20260712_033726,0.023000001907348633
cifar10,pall_original,low,1,runs/cifar10/T5_F3/pall_original/seed_1/20260712_085331,0.014499962329864502
cifar10,pall_original,low,2,runs/cifar10/T5_F3/pall_original/seed_2/20260808_040155,0.029999971389770508
cifar10,pall_original,low,3,runs/cifar10/T5_F3/pall_original/seed_3/20260808_092230,0.004999995231628418
cifar10,pall_original,low,4,runs/cifar10/T5_F3/pall_original/seed_4/20260808_144322,0.018500030040740967
cifar10,pall_original,medium,0,runs/cifar10/T5_F3/pall_original/seed_0/20260712_044040,0.049000024795532227
cifar10,pall_original,medium,1,runs/cifar10/T5_F3/pall_original/seed_1/20260712_095631,0.020000040531158447
cifar10,pall_original,medium,2,runs/cifar10/T5_F3/pall_original/seed_2/20260808_050555,0.033999979496002197
cifar10,pall_original,medium,3,runs/cifar10/T5_F3/pall_original/seed_3/20260808_102652,0.011999964714050293
cifar10,pall_original,medium,4,runs/cifar10/T5_F3/pall_original/seed_4/20260808_154748,0.038999974727630615
cifar10,pall_original,high,0,runs/cifar10/T5_F3/pall_original/seed_0/20260712_054355,0.027500033378601074
cifar10,pall_original,high,1,runs/cifar10/T5_F3/pall_original/seed_1/20260712_105934,0.015500009059906006
cifar10,pall_original,high,2,runs/cifar10/T5_F3/pall_original/seed_2/20260808_061009,0.039499998092651367
cifar10,pall_original,high,3,runs/cifar10/T5_F3/pall_original/seed_3/20260808_113058,0.023000001907348633
cifar10,pall_original,high,4,runs/cifar10/T5_F3/pall_original/seed_4/20260808_165207,0.046000003814697266
cifar10,pall_original,very_high,0,runs/cifar10/T5_F3/pall_original/seed_0/20260712_064700,0.03600001335144043
cifar10,pall_original,very_high,1,runs/cifar10/T5_F3/pall_original/seed_1/20260712_120255,0.027999997138977051
cifar10,pall_original,very_high,2,runs/cifar10/T5_F3/pall_original/seed_2/20260808_071358,0.049000024795532227
cifar10,pall_original,very_high,3,runs/cifar10/T5_F3/pall_original/seed_3/20260808_123514,0.021999955177307129
cifar10,pall_original,very_high,4,runs/cifar10/T5_F3/pall_original/seed_4/20260808_175642,0.046500027179718018
cifar10,salun,very_low,0,runs/cifar10/T5_F3/salun/seed_0/20260712_030036,0.017499983310699463
cifar10,salun,very_low,1,runs/cifar10/T5_F3/salun/seed_1/20260712_081638,0.048999965190887451
cifar10,salun,very_low,2,runs/cifar10/T5_F3/salun/seed_2/20260808_032425,0.055999994277954102
cifar10,salun,very_low,3,runs/cifar10/T5_F3/salun/seed_3/20260808_084514,0.049500048160552979
cifar10,salun,very_low,4,runs/cifar10/T5_F3/salun/seed_4/20260808_140615,-0.0025000572204589844
cifar10,salun,low,0,runs/cifar10/T5_F3/salun/seed_0/20260712_040358,0.025499999523162842
cifar10,salun,low,1,runs/cifar10/T5_F3/salun/seed_1/20260712_091956,0.035499989986419678
cifar10,salun,low,2,runs/cifar10/T5_F3/salun/seed_2/20260808_042844,0.042500019073486328
cifar10,salun,low,3,runs/cifar10/T5_F3/salun/seed_3/20260808_094917,0.033000051975250244
cifar10,salun,low,4,runs/cifar10/T5_F3/salun/seed_4/20260808_151026,0.090499997138977051
cifar10,salun,medium,0,runs/cifar10/T5_F3/salun/seed_0/20260712_050719,0.0040000081062316895
cifar10,salun,medium,1,runs/cifar10/T5_F3/salun/seed_1/20260712_102304,0.040499985218048096
cifar10,salun,medium,2,runs/cifar10/T5_F3/salun/seed_2/20260808_053241,0.045000016689300537
cifar10,salun,medium,3,runs/cifar10/T5_F3/salun/seed_3/20260808_105345,0.019000053405761719
cifar10,salun,medium,4,runs/cifar10/T5_F3/salun/seed_4/20260808_161437,0.027000010013580322
cifar10,salun,high,0,runs/cifar10/T5_F3/salun/seed_0/20260712_061032,0.022000014781951904
cifar10,salun,high,1,runs/cifar10/T5_F3/salun/seed_1/20260712_112621,0.052500009536743164
cifar10,salun,high,2,runs/cifar10/T5_F3/salun/seed_2/20260808_063649,0.035000026226043701
cifar10,salun,high,3,runs/cifar10/T5_F3/salun/seed_3/20260808_115750,0.028499960899353027
cifar10,salun,high,4,runs/cifar10/T5_F3/salun/seed_4/20260808_171908,0.034999966621398926
cifar10,salun,very_high,0,runs/cifar10/T5_F3/salun/seed_0/20260712_071327,0.016499996185302734
cifar10,salun,very_high,1,runs/cifar10/T5_F3/salun/seed_1/20260712_122945,0.046000003814697266
cifar10,salun,very_high,2,runs/cifar10/T5_F3/salun/seed_2/20260808_074043,0.041000008583068848
cifar10,salun,very_high,3,runs/cifar10/T5_F3/salun/seed_3/20260808_130205,0.025999963283538818
cifar10,salun,very_high,4,runs/cifar10/T5_F3/salun/seed_4/20260808_182333,0.055999994277954102
cifar100,clpu,very_low,0,runs/cifar100/T10_F3/clpu/seed_0/20260712_032930,0
cifar100,clpu,very_low,1,runs/cifar100/T10_F3/clpu/seed_1/20260712_084532,0
cifar100,clpu,very_low,2,runs/cifar100/T10_F3/clpu/seed_2/20260808_035341,0
cifar100,clpu,very_low,3,runs/cifar100/T10_F3/clpu/seed_3/20260808_091428,0
cifar100,clpu,very_low,4,runs/cifar100/T10_F3/clpu/seed_4/20260808_143515,0
cifar100,clpu,low,0,runs/cifar100/T10_F3/clpu/seed_0/20260712_043245,0
cifar100,clpu,low,1,runs/cifar100/T10_F3/clpu/seed_1/20260712_094831,0
cifar100,clpu,low,2,runs/cifar100/T10_F3/clpu/seed_2/20260808_045751,0
cifar100,clpu,low,3,runs/cifar100/T10_F3/clpu/seed_3/20260808_101840,0
cifar100,clpu,low,4,runs/cifar100/T10_F3/clpu/seed_4/20260808_153941,0
cifar100,clpu,medium,0,runs/cifar100/T10_F3/clpu/seed_0/20260712_053554,0
cifar100,clpu,medium,1,runs/cifar100/T10_F3/clpu/seed_1/20260712_105131,0
cifar100,clpu,medium,2,runs/cifar100/T10_F3/clpu/seed_2/20260808_060159,0
cifar100,clpu,medium,3,runs/cifar100/T10_F3/clpu/seed_3/20260808_112246,0
cifar100,clpu,medium,4,runs/cifar100/T10_F3/clpu/seed_4/20260808_164359,0
cifar100,clpu,high,0,runs/cifar100/T10_F3/clpu/seed_0/20260712_063906,0
cifar100,clpu,high,1,runs/cifar100/T10_F3/clpu/seed_1/20260712_115459,0
cifar100,clpu,high,2,runs/cifar100/T10_F3/clpu/seed_2/20260808_070558,0
cifar100,clpu,high,3,runs/cifar100/T10_F3/clpu/seed_3/20260808_122707,0
cifar100,clpu,high,4,runs/cifar100/T10_F3/clpu/seed_4/20260808_174839,0
cifar100,clpu,very_high,0,runs/cifar100/T10_F3/clpu/seed_0/20260712_074210,0
cifar100,clpu,very_high,1,runs/cifar100/T10_F3/clpu/seed_1/20260712_125829,0
cifar100,clpu,very_high,2,runs/cifar100/T10_F3/clpu/seed_2/20260808_081006,0
cifar100,clpu,very_high,3,runs/cifar100/T10_F3/clpu/seed_3/20260808_133117,0
cifar100,clpu,very_high,4,runs/cifar100/T10_F3/clpu/seed_4/20260808_185252,0
cifar100,lora,very_low,0,runs/cifar100/T10_F3/lora/seed_0/20260712_032759,0.12999999523162842
cifar100,lora,very_low,1,runs/cifar100/T10_F3/lora/seed_1/20260712_084401,0.039999991655349731
cifar100,lora,very_low,2,runs/cifar100/T10_F3/lora/seed_2/20260808_035210,0.067999988794326782
cifar100,lora,very_low,3,runs/cifar100/T10_F3/lora/seed_3/20260808_091255,0.087999999523162842
cifar100,lora,very_low,4,runs/cifar100/T10_F3/lora/seed_4/20260808_143345,0.10799998044967651
cifar100,lora,low,0,runs/cifar100/T10_F3/lora/seed_0/20260712_043115,0.06400001049041748
cifar100,lora,low,1,runs/cifar100/T10_F3/lora/seed_1/20260712_094700,0.085999995470046997
cifar100,lora,low,2,runs/cifar100/T10_F3/lora/seed_2/20260808_045618,0.067999988794326782
cifar100,lora,low,3,runs/cifar100/T10_F3/lora/seed_3/20260808_101708,0.087999999523162842
cifar100,lora,low,4,runs/cifar100/T10_F3/lora/seed_4/20260808_153809,0.10799998044967651
cifar100,lora,medium,0,runs/cifar100/T10_F3/lora/seed_0/20260712_053423,0.06400001049041748
cifar100,lora,medium,1,runs/cifar100/T10_F3/lora/seed_1/20260712_105002,0.085999995470046997
cifar100,lora,medium,2,runs/cifar100/T10_F3/lora/seed_2/20260808_060028,0.047999992966651917
cifar100,lora,medium,3,runs/cifar100/T10_F3/lora/seed_3/20260808_112114,0.087999999523162842
cifar100,lora,medium,4,runs/cifar100/T10_F3/lora/seed_4/20260808_164228,0.10799998044967651
cifar100,lora,high,0,runs/cifar100/T10_F3/lora/seed_0/20260712_063737,0.060000002384185791
cifar100,lora,high,1,runs/cifar100/T10_F3/lora/seed_1/20260712_115332,0.085999995470046997
cifar100,lora,high,2,runs/cifar100/T10_F3/lora/seed_2/20260808_070426,0.047999992966651917
cifar100,lora,high,3,runs/cifar100/T10_F3/lora/seed_3/20260808_122535,0.087999999523162842
cifar100,lora,high,4,runs/cifar100/T10_F3/lora/seed_4/20260808_174707,0.10799998044967651
cifar100,lora,very_high,0,runs/cifar100/T10_F3/lora/seed_0/20260712_074039,0.060000002384185791
cifar100,lora,very_high,1,runs/cifar100/T10_F3/lora/seed_1/20260712_125658,0.085999995470046997
cifar100,lora,very_high,2,runs/cifar100/T10_F3/lora/seed_2/20260808_080832,0.042000025510787964
cifar100,lora,very_high,3,runs/cifar100/T10_F3/lora/seed_3/20260808_132948,0.063999995589256287
cifar100,lora,very_high,4,runs/cifar100/T10_F3/lora/seed_4/20260808_185118,0.011999994516372681
cifar100,pall_adapter,very_low,0,runs/cifar100/T10_F3/pall_adapter/seed_0/20260712_032623,0.077999994158744812
cifar100,pall_adapter,very_low,1,runs/cifar100/T10_F3/pall_adapter/seed_1/20260712_084225,0.080000013113021851
cifar100,pall_adapter,very_low,2,runs/cifar100/T10_F3/pall_adapter/seed_2/20260808_035033,0.04800000786781311
cifar100,pall_adapter,very_low,3,runs/cifar100/T10_F3/pall_adapter/seed_3/20260808_091113,0.039999991655349731
cifar100,pall_adapter,very_low,4,runs/cifar100/T10_F3/pall_adapter/seed_4/20260808_143204,0.06400001049041748
cifar100,pall_adapter,low,0,runs/cifar100/T10_F3/pall_adapter/seed_0/20260712_042938,0.059999987483024597
cifar100,pall_adapter,low,1,runs/cifar100/T10_F3/pall_adapter/seed_1/20260712_094525,0.080000013113021851
cifar100,pall_adapter,low,2,runs/cifar100/T10_F3/pall_adapter/seed_2/20260808_045438,0.043999999761581421
cifar100,pall_adapter,low,3,runs/cifar100/T10_F3/pall_adapter/seed_3/20260808_101528,0.065999984741210938
cifar100,pall_adapter,low,4,runs/cifar100/T10_F3/pall_adapter/seed_4/20260808_153629,0.043999999761581421
cifar100,pall_adapter,medium,0,runs/cifar100/T10_F3/pall_adapter/seed_0/20260712_053248,0.027999997138977051
cifar100,pall_adapter,medium,1,runs/cifar100/T10_F3/pall_adapter/seed_1/20260712_104828,0.097999989986419678
cifar100,pall_adapter,medium,2,runs/cifar100/T10_F3/pall_adapter/seed_2/20260808_055850,0.057999998331069946
cifar100,pall_adapter,medium,3,runs/cifar100/T10_F3/pall_adapter/seed_3/20260808_111936,0.065999984741210938
cifar100,pall_adapter,medium,4,runs/cifar100/T10_F3/pall_adapter/seed_4/20260808_164047,0.041999995708465576
cifar100,pall_adapter,high,0,runs/cifar100/T10_F3/pall_adapter/seed_0/20260712_063602,0.024000018835067749
cifar100,pall_adapter,high,1,runs/cifar100/T10_F3/pall_adapter/seed_1/20260712_115158,0.10400000214576721
cifar100,pall_adapter,high,2,runs/cifar100/T10_F3/pall_adapter/seed_2/20260808_070246,0.049999982118606567
cifar100,pall_adapter,high,3,runs/cifar100/T10_F3/pall_adapter/seed_3/20260808_122357,0.049999982118606567
cifar100,pall_adapter,high,4,runs/cifar100/T10_F3/pall_adapter/seed_4/20260808_174527,0.054000020027160645
cifar100,pall_adapter,very_high,0,runs/cifar100/T10_F3/pall_adapter/seed_0/20260712_073902,0.030000001192092896
cifar100,pall_adapter,very_high,1,runs/cifar100/T10_F3/pall_adapter/seed_1/20260712_125524,0.1080000102519989
cifar100,pall_adapter,very_high,2,runs/cifar100/T10_F3/pall_adapter/seed_2/20260808_080655,0.049999982118606567
cifar100,pall_adapter,very_high,3,runs/cifar100/T10_F3/pall_adapter/seed_3/20260808_132811,0.070000007748603821
cifar100,pall_adapter,very_high,4,runs/cifar100/T10_F3/pall_adapter/seed_4/20260808_184937,0.078000009059906006
cifar100,pall_modified,very_low,0,runs/cifar100/T10_F3/pall_modified/seed_0/20260712_031548,0.0099999904632568359
cifar100,pall_modified,very_low,1,runs/cifar100/T10_F3/pall_modified/seed_1/20260712_083155,0.0080000162124633789
cifar100,pall_modified,very_low,2,runs/cifar100/T10_F3/pall_modified/seed_2/20260808_033928,0.0040000081062316895
cifar100,pall_modified,very_low,3,runs/cifar100/T10_F3/pall_modified/seed_3/20260808_090023,0.0040000081062316895
cifar100,pall_modified,very_low,4,runs/cifar100/T10_F3/pall_modified/seed_4/20260808_142117,0.0060000419616699219
cifar100,pall_modified,low,0,runs/cifar100/T10_F3/pall_modified/seed_0/20260712_041913,0.0040000081062316895
cifar100,pall_modified,low,1,runs/cifar100/T10_F3/pall_modified/seed_1/20260712_093456,0.0080000162124633789
cifar100,pall_modified,low,2,runs/cifar100/T10_F3/pall_modified/seed_2/20260808_044349,0.0060000121593475342
cifar100,pall_modified,low,3,runs/cifar100/T10_F3/pall_modified/seed_3/20260808_100436,0.0020000040531158447
cifar100,pall_modified,low,4,runs/cifar100/T10_F3/pall_modified/seed_4/20260808_152537,0.0099999904632568359
cifar100,pall_modified,medium,0,runs/cifar100/T10_F3/pall_modified/seed_0/20260712_052222,0.0059999823570251465
cifar100,pall_modified,medium,1,runs/cifar100/T10_F3/pall_modified/seed_1/20260712_103801,0.0080000162124633789
cifar100,pall_modified,medium,2,runs/cifar100/T10_F3/pall_modified/seed_2/20260808_054752,0
cifar100,pall_modified,medium,3,runs/cifar100/T10_F3/pall_modified/seed_3/20260808_110845,0.0099999904632568359
cifar100,pall_modified,medium,4,runs/cifar100/T10_F3/pall_modified/seed_4/20260808_163000,0.0080000162124633789
cifar100,pall_modified,high,0,runs/cifar100/T10_F3/pall_modified/seed_0/20260712_062536,0.0079999864101409912
cifar100,pall_modified,high,1,runs/cifar100/T10_F3/pall_modified/seed_1/20260712_114132,0.011999994516372681
cifar100,pall_modified,high,2,runs/cifar100/T10_F3/pall_modified/seed_2/20260808_065154,0.0099999904632568359
cifar100,pall_modified,high,3,runs/cifar100/T10_F3/pall_modified/seed_3/20260808_121257,0.011999994516372681
cifar100,pall_modified,high,4,runs/cifar100/T10_F3/pall_modified/seed_4/20260808_173432,0.010000020265579224
cifar100,pall_modified,very_high,0,runs/cifar100/T10_F3/pall_modified/seed_0/20260712_072831,0.012000024318695068
cifar100,pall_modified,very_high,1,runs/cifar100/T10_F3/pall_modified/seed_1/20260712_124458,0.025999993085861206
cifar100,pall_modified,very_high,2,runs/cifar100/T10_F3/pall_modified/seed_2/20260808_075600,0.0099999904632568359
cifar100,pall_modified,very_high,3,runs/cifar100/T10_F3/pall_modified/seed_3/20260808_131714,0.016000032424926758
cifar100,pall_modified,very_high,4,runs/cifar100/T10_F3/pall_modified/seed_4/20260808_183849,0.018000006675720215
cifar100,pall_original,very_low,0,runs/cifar100/T10_F3/pall_original/seed_0/20260712_030528,0.0020000040531158447
cifar100,pall_original,very_low,1,runs/cifar100/T10_F3/pall_original/seed_1/20260712_082132,0.023999989032745361
cifar100,pall_original,very_low,2,runs/cifar100/T10_F3/pall_original/seed_2/20260808_032903,0.02000001072883606
cifar100,pall_original,very_low,3,runs/cifar100/T10_F3/pall_original/seed_3/20260808_085000,0.0060000121593475342
cifar100,pall_original,very_low,4,runs/cifar100/T10_F3/pall_original/seed_4/20260808_141050,0.0099999904632568359
cifar100,pall_original,low,0,runs/cifar100/T10_F3/pall_original/seed_0/20260712_040847,0.0060000419616699219
cifar100,pall_original,low,1,runs/cifar100/T10_F3/pall_original/seed_1/20260712_092434,0.023999989032745361
cifar100,pall_original,low,2,runs/cifar100/T10_F3/pall_original/seed_2/20260808_043321,0.018000006675720215
cifar100,pall_original,low,3,runs/cifar100/T10_F3/pall_original/seed_3/20260808_095413,0.018000006675720215
cifar100,pall_original,low,4,runs/cifar100/T10_F3/pall_original/seed_4/20260808_151510,0.0060000419616699219
cifar100,pall_original,medium,0,runs/cifar100/T10_F3/pall_original/seed_0/20260712_051158,0.03600001335144043
cifar100,pall_original,medium,1,runs/cifar100/T10_F3/pall_original/seed_1/20260712_102744,0.025999993085861206
cifar100,pall_original,medium,2,runs/cifar100/T10_F3/pall_original/seed_2/20260808_053724,0.012000024318695068
cifar100,pall_original,medium,3,runs/cifar100/T10_F3/pall_original/seed_3/20260808_105817,0.014000028371810913
cifar100,pall_original,medium,4,runs/cifar100/T10_F3/pall_original/seed_4/20260808_161928,0.0099999904632568359
cifar100,pall_original,high,0,runs/cifar100/T10_F3/pall_original/seed_0/20260712_061516,0.027999997138977051
cifar100,pall_original,high,1,runs/cifar100/T10_F3/pall_original/seed_1/20260712_113110,0.034000009298324585
cifar100,pall_original,high,2,runs/cifar100/T10_F3/pall_original/seed_2/20260808_064130,0.011999994516372681
cifar100,pall_original,high,3,runs/cifar100/T10_F3/pall_original/seed_3/20260808_120228,0.023999989032745361
cifar100,pall_original,high,4,runs/cifar100/T10_F3/pall_original/seed_4/20260808_172402,0.050000011920928955
cifar100,pall_original,very_high,0,runs/cifar100/T10_F3/pall_original/seed_0/20260712_071803,0.037999987602233887
cifar100,pall_original,very_high,1,runs/cifar100/T10_F3/pall_original/seed_1/20260712_123434,0.040000021457672119
cifar100,pall_original,very_high,2,runs/cifar100/T10_F3/pall_original/seed_2/20260808_074533,0.055999994277954102
cifar100,pall_original,very_high,3,runs/cifar100/T10_F3/pall_original/seed_3/20260808_130647,0.037999987602233887
cifar100,pall_original,very_high,4,runs/cifar100/T10_F3/pall_original/seed_4/20260808_182823,0.056000024080276489
cifar100,salun,very_low,0,runs/cifar100/T10_F3/salun/seed_0/20260712_033153,0.03200000524520874
cifar100,salun,very_low,1,runs/cifar100/T10_F3/salun/seed_1/20260712_084754,0.03200000524520874
cifar100,salun,very_low,2,runs/cifar100/T10_F3/salun/seed_2/20260808_035604,0.029999971389770508
cifar100,salun,very_low,3,runs/cifar100/T10_F3/salun/seed_3/20260808_091655,0.043999999761581421
cifar100,salun,very_low,4,runs/cifar100/T10_F3/salun/seed_4/20260808_143740,0.038000017404556274
cifar100,salun,low,0,runs/cifar100/T10_F3/salun/seed_0/20260712_043504,0.043999999761581421
cifar100,salun,low,1,runs/cifar100/T10_F3/salun/seed_1/20260712_095055,0.054000020027160645
cifar100,salun,low,2,runs/cifar100/T10_F3/salun/seed_2/20260808_050017,0.067999988794326782
cifar100,salun,low,3,runs/cifar100/T10_F3/salun/seed_3/20260808_102106,0.066000014543533325
cifar100,salun,low,4,runs/cifar100/T10_F3/salun/seed_4/20260808_154208,0.051999986171722412
cifar100,salun,medium,0,runs/cifar100/T10_F3/salun/seed_0/20260712_053817,0.092000007629394531
cifar100,salun,medium,1,runs/cifar100/T10_F3/salun/seed_1/20260712_105352,0.043999999761581421
cifar100,salun,medium,2,runs/cifar100/T10_F3/salun/seed_2/20260808_060422,0.071999996900558472
cifar100,salun,medium,3,runs/cifar100/T10_F3/salun/seed_3/20260808_112509,0.013999998569488525
cifar100,salun,medium,4,runs/cifar100/T10_F3/salun/seed_4/20260808_164624,0.03600001335144043
cifar100,salun,high,0,runs/cifar100/T10_F3/salun/seed_0/20260712_064126,0.031999975442886353
cifar100,salun,high,1,runs/cifar100/T10_F3/salun/seed_1/20260712_115720,0.11000001430511475
cifar100,salun,high,2,runs/cifar100/T10_F3/salun/seed_2/20260808_070822,0.081999987363815308
cifar100,salun,high,3,runs/cifar100/T10_F3/salun/seed_3/20260808_122931,0.034000009298324585
cifar100,salun,high,4,runs/cifar100/T10_F3/salun/seed_4/20260808_175104,0.097999989986419678
cifar100,salun,very_high,0,runs/cifar100/T10_F3/salun/seed_0/20260712_074432,0.049999982118606567
cifar100,salun,very_high,1,runs/cifar100/T10_F3/salun/seed_1/20260712_130051,0.040000021457672119
cifar100,salun,very_high,2,runs/cifar100/T10_F3/salun/seed_2/20260808_081230,0.13400000333786011
cifar100,salun,very_high,3,runs/cifar100/T10_F3/salun/seed_3/20260808_133339,0.046000003814697266
cifar100,salun,very_high,4,runs/cifar100/T10_F3/salun/seed_4/20260808_185514,0.061999976634979248
