dataset,method,seed,deleted_event,forgotten_task,observation_event,requests_after_deletion,forgotten_accuracy,chance,rebound_from_immediate,experiment_tag,run_path
cifar100,pall_original,0,1,0,1,0,0.1979999989271164,0.2,0.0,probe_v1,runs/cifar100/T10_F3/pall_original/seed_0/20260712_194740
cifar100,pall_original,0,1,0,2,1,0.20399999618530273,0.2,0.00599999725818634,probe_v1,runs/cifar100/T10_F3/pall_original/seed_0/20260712_194740
cifar100,pall_original,0,1,0,3,2,0.20000000298023224,0.2,0.0020000040531158447,probe_v1,runs/cifar100/T10_F3/pall_original/seed_0/20260712_194740
cifar100,pall_original,0,2,6,2,0,0.20000000298023224,0.2,0.0,probe_v1,runs/cifar100/T10_F3/pall_original/seed_0/20260712_194740
cifar100,pall_original,0,2,6,3,1,0.19200000166893005,0.2,-0.008000001311302185,probe_v1,runs/cifar100/T10_F3/pall_original/seed_0/20260712_194740
cifar100,pall_original,0,3,7,3,0,0.20000000298023224,0.2,0.0,probe_v1,runs/cifar100/T10_F3/pall_original/seed_0/20260712_194740
cifar100,pall_original,1,1,2,1,0,0.18199999630451202,0.2,0.0,probe_v1,runs/cifar100/T10_F3/pall_original/seed_1/20260712_204605
cifar100,pall_original,1,1,2,2,1,0.20000000298023224,0.2,0.018000006675720215,probe_v1,runs/cifar100/T10_F3/pall_original/seed_1/20260712_204605
cifar100,pall_original,1,1,2,3,2,0.20000000298023224,0.2,0.018000006675720215,probe_v1,runs/cifar100/T10_F3/pall_original/seed_1/20260712_204605
cifar100,pall_original,1,2,1,2,0,0.17000000178813934,0.2,0.0,probe_v1,runs/cifar100/T10_F3/pall_original/seed_1/20260712_204605
cifar100,pall_original,1,2,1,3,1,0.20000000298023224,0.2,0.030000001192092896,probe_v1,runs/cifar100/T10_F3/pall_original/seed_1/20260712_204605
cifar100,pall_original,1,3,6,3,0,0.20200000703334808,0.2,0.0,probe_v1,runs/cifar100/T10_F3/pall_original/seed_1/20260712_204605
cifar100,pall_modified,0,1,0,1,0,0.20200000703334808,0.2,0.0,probe_v1,runs/cifar100/T10_F3/pall_modified/seed_0/20260712_195858
cifar100,pall_modified,0,1,0,2,1,0.20000000298023224,0.2,-0.0020000040531158447,probe_v1,runs/cifar100/T10_F3/pall_modified/seed_0/20260712_195858
cifar100,pall_modified,0,1,0,3,2,0.20000000298023224,0.2,-0.0020000040531158447,probe_v1,runs/cifar100/T10_F3/pall_modified/seed_0/20260712_195858
cifar100,pall_modified,0,2,6,2,0,0.1979999989271164,0.2,0.0,probe_v1,runs/cifar100/T10_F3/pall_modified/seed_0/20260712_195858
cifar100,pall_modified,0,2,6,3,1,0.19200000166893005,0.2,-0.00599999725818634,probe_v1,runs/cifar100/T10_F3/pall_modified/seed_0/20260712_195858
cifar100,pall_modified,0,3,7,3,0,0.20000000298023224,0.2,0.0,probe_v1,runs/cifar100/T10_F3/pall_modified/seed_0/20260712_195858
cifar100,pall_modified,1,1,2,1,0,0.18199999630451202,0.2,0.0,probe_v1,runs/cifar100/T10_F3/pall_modified/seed_1/20260712_205711
cifar100,pall_modified,1,1,2,2,1,0.20000000298023224,0.2,0.018000006675720215,probe_v1,runs/cifar100/T10_F3/pall_modified/seed_1/20260712_205711
cifar100,pall_modified,1,1,2,3,2,0.20399999618530273,0.2,0.02199999988079071,probe_v1,runs/cifar100/T10_F3/pall_modified/seed_1/20260712_205711
cifar100,pall_modified,1,2,1,2,0,0.15199999511241913,0.2,0.0,probe_v1,runs/cifar100/T10_F3/pall_modified/seed_1/20260712_205711
cifar100,pall_modified,1,2,1,3,1,0.20000000298023224,0.2,0.04800000786781311,probe_v1,runs/cifar100/T10_F3/pall_modified/seed_1/20260712_205711
cifar100,pall_modified,1,3,6,3,0,0.18799999356269836,0.2,0.0,probe_v1,runs/cifar100/T10_F3/pall_modified/seed_1/20260712_205711
cifar100,pall_adapter,0,1,0,1,0,0.20000000298023224,0.2,0.0,probe_v1,runs/cifar100/T10_F3/pall_adapter/seed_0/20260712_201029
cifar100,pall_adapter,0,1,0,2,1,0.1720000058412552,0.2,-0.02799999713897705,probe_v1,runs/cifar100/T10_F3/pall_adapter/seed_0/20260712_201029
cifar100,pall_adapter,0,1,0,3,2,0.17000000178813934,0.2,-0.030000001192092896,probe_v1,runs/cifar100/T10_F3/pall_adapter/seed_0/20260712_201029
cifar100,pall_adapter,0,2,6,2,0,0.19599999487400055,0.2,0.0,probe_v1,runs/cifar100/T10_F3/pall_adapter/seed_0/20260712_201029
cifar100,pall_adapter,0,2,6,3,1,0.21199999749660492,0.2,0.01600000262260437,probe_v1,runs/cifar100/T10_F3/pall_adapter/seed_0/20260712_201029
cifar100,pall_adapter,0,3,7,3,0,0.2680000066757202,0.2,0.0,probe_v1,runs/cifar100/T10_F3/pall_adapter/seed_0/20260712_201029
cifar100,pall_adapter,1,1,2,1,0,0.21400000154972076,0.2,0.0,probe_v1,runs/cifar100/T10_F3/pall_adapter/seed_1/20260712_210833
cifar100,pall_adapter,1,1,2,2,1,0.19200000166893005,0.2,-0.02199999988079071,probe_v1,runs/cifar100/T10_F3/pall_adapter/seed_1/20260712_210833
cifar100,pall_adapter,1,1,2,3,2,0.19200000166893005,0.2,-0.02199999988079071,probe_v1,runs/cifar100/T10_F3/pall_adapter/seed_1/20260712_210833
cifar100,pall_adapter,1,2,1,2,0,0.2160000056028366,0.2,0.0,probe_v1,runs/cifar100/T10_F3/pall_adapter/seed_1/20260712_210833
cifar100,pall_adapter,1,2,1,3,1,0.20200000703334808,0.2,-0.013999998569488525,probe_v1,runs/cifar100/T10_F3/pall_adapter/seed_1/20260712_210833
cifar100,pall_adapter,1,3,6,3,0,0.164000004529953,0.2,0.0,probe_v1,runs/cifar100/T10_F3/pall_adapter/seed_1/20260712_210833
cifar100,lora,0,1,0,1,0,0.1979999989271164,0.2,0.0,probe_v1,runs/cifar100/T10_F3/lora/seed_0/20260712_201246
cifar100,lora,0,1,0,2,1,0.1979999989271164,0.2,0.0,probe_v1,runs/cifar100/T10_F3/lora/seed_0/20260712_201246
cifar100,lora,0,1,0,3,2,0.1979999989271164,0.2,0.0,probe_v1,runs/cifar100/T10_F3/lora/seed_0/20260712_201246
cifar100,lora,0,2,6,2,0,0.20000000298023224,0.2,0.0,probe_v1,runs/cifar100/T10_F3/lora/seed_0/20260712_201246
cifar100,lora,0,2,6,3,1,0.20000000298023224,0.2,0.0,probe_v1,runs/cifar100/T10_F3/lora/seed_0/20260712_201246
cifar100,lora,0,3,7,3,0,0.20800000429153442,0.2,0.0,probe_v1,runs/cifar100/T10_F3/lora/seed_0/20260712_201246
cifar100,lora,1,1,2,1,0,0.17800000309944153,0.2,0.0,probe_v1,runs/cifar100/T10_F3/lora/seed_1/20260712_211046
cifar100,lora,1,1,2,2,1,0.17800000309944153,0.2,0.0,probe_v1,runs/cifar100/T10_F3/lora/seed_1/20260712_211046
cifar100,lora,1,1,2,3,2,0.17800000309944153,0.2,0.0,probe_v1,runs/cifar100/T10_F3/lora/seed_1/20260712_211046
cifar100,lora,1,2,1,2,0,0.20000000298023224,0.2,0.0,probe_v1,runs/cifar100/T10_F3/lora/seed_1/20260712_211046
cifar100,lora,1,2,1,3,1,0.20000000298023224,0.2,0.0,probe_v1,runs/cifar100/T10_F3/lora/seed_1/20260712_211046
cifar100,lora,1,3,6,3,0,0.20000000298023224,0.2,0.0,probe_v1,runs/cifar100/T10_F3/lora/seed_1/20260712_211046
cifar100,clpu,0,1,0,1,0,0.20000000298023224,0.2,0.0,probe_v1,runs/cifar100/T10_F3/clpu/seed_0/20260712_201448
cifar100,clpu,0,1,0,2,1,0.20000000298023224,0.2,0.0,probe_v1,runs/cifar100/T10_F3/clpu/seed_0/20260712_201448
cifar100,clpu,0,1,0,3,2,0.20000000298023224,0.2,0.0,probe_v1,runs/cifar100/T10_F3/clpu/seed_0/20260712_201448
cifar100,clpu,0,2,6,2,0,0.20000000298023224,0.2,0.0,probe_v1,runs/cifar100/T10_F3/clpu/seed_0/20260712_201448
cifar100,clpu,0,2,6,3,1,0.20000000298023224,0.2,0.0,probe_v1,runs/cifar100/T10_F3/clpu/seed_0/20260712_201448
cifar100,clpu,0,3,7,3,0,0.20000000298023224,0.2,0.0,probe_v1,runs/cifar100/T10_F3/clpu/seed_0/20260712_201448
cifar100,clpu,1,1,2,1,0,0.20399999618530273,0.2,0.0,probe_v1,runs/cifar100/T10_F3/clpu/seed_1/20260712_211248
cifar100,clpu,1,1,2,2,1,0.20399999618530273,0.2,0.0,probe_v1,runs/cifar100/T10_F3/clpu/seed_1/20260712_211248
cifar100,clpu,1,1,2,3,2,0.20399999618530273,0.2,0.0,probe_v1,runs/cifar100/T10_F3/clpu/seed_1/20260712_211248
cifar100,clpu,1,2,1,2,0,0.23999999463558197,0.2,0.0,probe_v1,runs/cifar100/T10_F3/clpu/seed_1/20260712_211248
cifar100,clpu,1,2,1,3,1,0.23999999463558197,0.2,0.0,probe_v1,runs/cifar100/T10_F3/clpu/seed_1/20260712_211248
cifar100,clpu,1,3,6,3,0,0.1599999964237213,0.2,0.0,probe_v1,runs/cifar100/T10_F3/clpu/seed_1/20260712_211248
cifar10,pall_original,0,1,0,1,0,0.49950000643730164,0.5,0.0,probe_v1,runs/cifar10/T5_F3/pall_original/seed_0/20260712_191843
cifar10,pall_original,0,1,0,2,1,0.5005000233650208,0.5,0.0010000169277191162,probe_v1,runs/cifar10/T5_F3/pall_original/seed_0/20260712_191843
cifar10,pall_original,0,1,0,3,2,0.4959999918937683,0.5,-0.003500014543533325,probe_v1,runs/cifar10/T5_F3/pall_original/seed_0/20260712_191843
cifar10,pall_original,0,2,3,2,0,0.4950000047683716,0.5,0.0,probe_v1,runs/cifar10/T5_F3/pall_original/seed_0/20260712_191843
cifar10,pall_original,0,2,3,3,1,0.4945000112056732,0.5,-0.0004999935626983643,probe_v1,runs/cifar10/T5_F3/pall_original/seed_0/20260712_191843
cifar10,pall_original,0,3,4,3,0,0.5,0.5,0.0,probe_v1,runs/cifar10/T5_F3/pall_original/seed_0/20260712_191843
cifar10,pall_original,1,1,1,1,0,0.5009999871253967,0.5,0.0,probe_v1,runs/cifar10/T5_F3/pall_original/seed_1/20260712_201728
cifar10,pall_original,1,1,1,2,1,0.5174999833106995,0.5,0.016499996185302734,probe_v1,runs/cifar10/T5_F3/pall_original/seed_1/20260712_201728
cifar10,pall_original,1,1,1,3,2,0.5,0.5,-0.0009999871253967285,probe_v1,runs/cifar10/T5_F3/pall_original/seed_1/20260712_201728
cifar10,pall_original,1,2,0,2,0,0.5,0.5,0.0,probe_v1,runs/cifar10/T5_F3/pall_original/seed_1/20260712_201728
cifar10,pall_original,1,2,0,3,1,0.45100000500679016,0.5,-0.04899999499320984,probe_v1,runs/cifar10/T5_F3/pall_original/seed_1/20260712_201728
cifar10,pall_original,1,3,3,3,0,0.5,0.5,0.0,probe_v1,runs/cifar10/T5_F3/pall_original/seed_1/20260712_201728
cifar10,pall_modified,0,1,0,1,0,0.4959999918937683,0.5,0.0,probe_v1,runs/cifar10/T5_F3/pall_modified/seed_0/20260712_192947
cifar10,pall_modified,0,1,0,2,1,0.5019999742507935,0.5,0.0059999823570251465,probe_v1,runs/cifar10/T5_F3/pall_modified/seed_0/20260712_192947
cifar10,pall_modified,0,1,0,3,2,0.5019999742507935,0.5,0.0059999823570251465,probe_v1,runs/cifar10/T5_F3/pall_modified/seed_0/20260712_192947
cifar10,pall_modified,0,2,3,2,0,0.49399998784065247,0.5,0.0,probe_v1,runs/cifar10/T5_F3/pall_modified/seed_0/20260712_192947
cifar10,pall_modified,0,2,3,3,1,0.4975000023841858,0.5,0.003500014543533325,probe_v1,runs/cifar10/T5_F3/pall_modified/seed_0/20260712_192947
cifar10,pall_modified,0,3,4,3,0,0.5,0.5,0.0,probe_v1,runs/cifar10/T5_F3/pall_modified/seed_0/20260712_192947
cifar10,pall_modified,1,1,1,1,0,0.49950000643730164,0.5,0.0,probe_v1,runs/cifar10/T5_F3/pall_modified/seed_1/20260712_202826
cifar10,pall_modified,1,1,1,2,1,0.5180000066757202,0.5,0.01850000023841858,probe_v1,runs/cifar10/T5_F3/pall_modified/seed_1/20260712_202826
cifar10,pall_modified,1,1,1,3,2,0.503000020980835,0.5,0.003500014543533325,probe_v1,runs/cifar10/T5_F3/pall_modified/seed_1/20260712_202826
cifar10,pall_modified,1,2,0,2,0,0.5,0.5,0.0,probe_v1,runs/cifar10/T5_F3/pall_modified/seed_1/20260712_202826
cifar10,pall_modified,1,2,0,3,1,0.49300000071525574,0.5,-0.006999999284744263,probe_v1,runs/cifar10/T5_F3/pall_modified/seed_1/20260712_202826
cifar10,pall_modified,1,3,3,3,0,0.5,0.5,0.0,probe_v1,runs/cifar10/T5_F3/pall_modified/seed_1/20260712_202826
cifar10,pall_adapter,0,1,0,1,0,0.5370000004768372,0.5,0.0,probe_v1,runs/cifar10/T5_F3/pall_adapter/seed_0/20260712_194051
cifar10,pall_adapter,0,1,0,2,1,0.5429999828338623,0.5,0.0059999823570251465,probe_v1,runs/cifar10/T5_F3/pall_adapter/seed_0/20260712_194051
cifar10,pall_adapter,0,1,0,3,2,0.5320000052452087,0.5,-0.004999995231628418,probe_v1,runs/cifar10/T5_F3/pall_adapter/seed_0/20260712_194051
cifar10,pall_adapter,0,2,3,2,0,0.5,0.5,0.0,probe_v1,runs/cifar10/T5_F3/pall_adapter/seed_0/20260712_194051
cifar10,pall_adapter,0,2,3,3,1,0.5,0.5,0.0,probe_v1,runs/cifar10/T5_F3/pall_adapter/seed_0/20260712_194051
cifar10,pall_adapter,0,3,4,3,0,0.4970000088214874,0.5,0.0,probe_v1,runs/cifar10/T5_F3/pall_adapter/seed_0/20260712_194051
cifar10,pall_adapter,1,1,1,1,0,0.4945000112056732,0.5,0.0,probe_v1,runs/cifar10/T5_F3/pall_adapter/seed_1/20260712_203930
cifar10,pall_adapter,1,1,1,2,1,0.49549999833106995,0.5,0.0009999871253967285,probe_v1,runs/cifar10/T5_F3/pall_adapter/seed_1/20260712_203930
cifar10,pall_adapter,1,1,1,3,2,0.4909999966621399,0.5,-0.003500014543533325,probe_v1,runs/cifar10/T5_F3/pall_adapter/seed_1/20260712_203930
cifar10,pall_adapter,1,2,0,2,0,0.45100000500679016,0.5,0.0,probe_v1,runs/cifar10/T5_F3/pall_adapter/seed_1/20260712_203930
cifar10,pall_adapter,1,2,0,3,1,0.5,0.5,0.04899999499320984,probe_v1,runs/cifar10/T5_F3/pall_adapter/seed_1/20260712_203930
cifar10,pall_adapter,1,3,3,3,0,0.5149999856948853,0.5,0.0,probe_v1,runs/cifar10/T5_F3/pall_adapter/seed_1/20260712_203930
cifar10,lora,0,1,0,1,0,0.4984999895095825,0.5,0.0,probe_v1,runs/cifar10/T5_F3/lora/seed_0/20260712_194308
cifar10,lora,0,1,0,2,1,0.4984999895095825,0.5,0.0,probe_v1,runs/cifar10/T5_F3/lora/seed_0/20260712_194308
cifar10,lora,0,1,0,3,2,0.4984999895095825,0.5,0.0,probe_v1,runs/cifar10/T5_F3/lora/seed_0/20260712_194308
cifar10,lora,0,2,3,2,0,0.5,0.5,0.0,probe_v1,runs/cifar10/T5_F3/lora/seed_0/20260712_194308
cifar10,lora,0,2,3,3,1,0.5,0.5,0.0,probe_v1,runs/cifar10/T5_F3/lora/seed_0/20260712_194308
cifar10,lora,0,3,4,3,0,0.5,0.5,0.0,probe_v1,runs/cifar10/T5_F3/lora/seed_0/20260712_194308
cifar10,lora,1,1,1,1,0,0.4595000147819519,0.5,0.0,probe_v1,runs/cifar10/T5_F3/lora/seed_1/20260712_204137
cifar10,lora,1,1,1,2,1,0.4595000147819519,0.5,0.0,probe_v1,runs/cifar10/T5_F3/lora/seed_1/20260712_204137
cifar10,lora,1,1,1,3,2,0.4595000147819519,0.5,0.0,probe_v1,runs/cifar10/T5_F3/lora/seed_1/20260712_204137
cifar10,lora,1,2,0,2,0,0.5,0.5,0.0,probe_v1,runs/cifar10/T5_F3/lora/seed_1/20260712_204137
cifar10,lora,1,2,0,3,1,0.5,0.5,0.0,probe_v1,runs/cifar10/T5_F3/lora/seed_1/20260712_204137
cifar10,lora,1,3,3,3,0,0.49950000643730164,0.5,0.0,probe_v1,runs/cifar10/T5_F3/lora/seed_1/20260712_204137
cifar10,clpu,0,1,0,1,0,0.4684999883174896,0.5,0.0,probe_v1,runs/cifar10/T5_F3/clpu/seed_0/20260712_194501
cifar10,clpu,0,1,0,2,1,0.4684999883174896,0.5,0.0,probe_v1,runs/cifar10/T5_F3/clpu/seed_0/20260712_194501
cifar10,clpu,0,1,0,3,2,0.4684999883174896,0.5,0.0,probe_v1,runs/cifar10/T5_F3/clpu/seed_0/20260712_194501
cifar10,clpu,0,2,3,2,0,0.4964999854564667,0.5,0.0,probe_v1,runs/cifar10/T5_F3/clpu/seed_0/20260712_194501
cifar10,clpu,0,2,3,3,1,0.4964999854564667,0.5,0.0,probe_v1,runs/cifar10/T5_F3/clpu/seed_0/20260712_194501
cifar10,clpu,0,3,4,3,0,0.515500009059906,0.5,0.0,probe_v1,runs/cifar10/T5_F3/clpu/seed_0/20260712_194501
cifar10,clpu,1,1,1,1,0,0.48399999737739563,0.5,0.0,probe_v1,runs/cifar10/T5_F3/clpu/seed_1/20260712_204329
cifar10,clpu,1,1,1,2,1,0.48399999737739563,0.5,0.0,probe_v1,runs/cifar10/T5_F3/clpu/seed_1/20260712_204329
cifar10,clpu,1,1,1,3,2,0.48399999737739563,0.5,0.0,probe_v1,runs/cifar10/T5_F3/clpu/seed_1/20260712_204329
cifar10,clpu,1,2,0,2,0,0.527999997138977,0.5,0.0,probe_v1,runs/cifar10/T5_F3/clpu/seed_1/20260712_204329
cifar10,clpu,1,2,0,3,1,0.527999997138977,0.5,0.0,probe_v1,runs/cifar10/T5_F3/clpu/seed_1/20260712_204329
cifar10,clpu,1,3,3,3,0,0.5239999890327454,0.5,0.0,probe_v1,runs/cifar10/T5_F3/clpu/seed_1/20260712_204329
